{"cameraMode":{"drawMode":0,"name":"Shaded","section":"Shading Mode"},"sceneLighting":true,"audioPlay":false,"sceneViewState":{"showFog":true,"showMaterialUpdate":false,"showSkybox":true,"showFlares":true,"showImageEffects":true,"showParticleSystems":true},"in2DMode":false,"pivot":{"x":0.5657815933227539,"y":1.2634390592575074,"z":1.6813664436340333},"rotation":{"x":-0.14858141541481019,"y":0.5282126069068909,"z":-0.09448135644197464,"w":-0.8306553363800049},"size":7.236380577087402,"orthographic":true}